[
	{
		"title": "",
		"description": "",
		"image": "http://localhost/bnl/playlist/1.jpg",
		"link": "",
		"duration": ""
	},
	{
		"title": "",
		"description": "",
		"image": "http://localhost/bnl/playlist/2.jpg",
		"link": "",
		"duration": ""
	},
	{
		"title": "",
		"description": "",
		"image": "http://localhost/bnl/playlist/3.jpg",
		"link": "",
		"duration": ""
	},
	{
		"title": "",
		"description": "",
		"image": "http://localhost/bnl/playlist/4.jpg",
		"link": "",
		"duration": ""
	},
	{
		"title": "",
		"description": "",
		"image": "http://localhost/bnl/playlist/5.jpg",
		"link": "",
		"duration": ""
	},
	{
		"title": "",
		"description": "",
		"image": "http://localhost/bnl/playlist/6.jpg",
		"link": "",
		"duration": ""
	},
	{
		"title": "",
		"description": "",
		"image": "http://localhost/bnl/playlist/7.jpg",
		"link": "",
		"duration": ""
	},
	{
		"title": "",
		"description": "",
		"image": "http://localhost/bnl/playlist/8.jpg",
		"link": "",
		"duration": ""
	},
	{
		"title": "",
		"description": "",
		"image": "http://localhost/bnl/playlist/9.jpg",
		"link": "",
		"duration": ""
	},
	{
		"title": "",
		"description": "",
		"image": "http://localhost/bnl/playlist/10.jpg",
		"link": "",
		"duration": ""
	},
	{
		"title": "",
		"description": "",
		"image": "http://localhost/bnl/playlist/11.jpg",
		"link": "",
		"duration": ""
	},
	{
		"title": "",
		"description": "",
		"image": "http://localhost/bnl/playlist/12.jpg",
		"link": "",
		"duration": ""
	},
	{
		"title": "",
		"description": "",
		"image": "http://localhost/bnl/playlist/13.jpg",
		"link": "",
		"duration": ""
	},
	{
		"title": "",
		"description": "",
		"image": "http://localhost/bnl/playlist/14.jpg",
		"link": "",
		"duration": ""
	},
	{
		"title": "",
		"description": "",
		"image": "http://localhost/bnl/playlist/15.jpg",
		"link": "",
		"duration": ""
	}
]